,content,date,author
0,to write,2021-03-23 00:21:03.083,chopstix#4153
1,me/,2021-03-23 00:20:59.073,chopstix#4153
2,for.,2021-03-23 00:20:57.908,chopstix#4153
3,"way,",2021-03-23 00:20:56.122,chopstix#4153
4,"only""",2021-03-23 00:20:54.457,chopstix#4153
5,the',2021-03-23 00:20:52.916,chopstix#4153
6,is;,2021-03-23 00:20:51.989,chopstix#4153
7,this:,2021-03-23 00:20:49.594,chopstix#4153
8,{},2021-03-23 00:20:46.909,chopstix#4153
9,[],2021-03-23 00:20:43.802,chopstix#4153
10,0,2021-03-23 00:20:41.324,chopstix#4153
11,9,2021-03-23 00:20:40.062,chopstix#4153
12,8,2021-03-23 00:20:39.653,chopstix#4153
13,7,2021-03-23 00:20:39.294,chopstix#4153
14,6,2021-03-23 00:20:38.973,chopstix#4153
15,5,2021-03-23 00:20:38.577,chopstix#4153
16,4,2021-03-23 00:20:38.209,chopstix#4153
17,3,2021-03-23 00:20:37.887,chopstix#4153
18,12,2021-03-23 00:20:36.706,chopstix#4153
19,!@#$%^&*(),2021-03-23 00:20:34.694,chopstix#4153
20,,2021-03-23 00:20:25.824,chopstix#4153
21,,2021-03-23 00:20:16.828,chopstix#4153
22,google.com,2021-03-23 00:20:07.540,chopstix#4153
23,quick brown fox,2021-03-23 00:20:02.906,chopstix#4153
24,hello world,2021-03-23 00:20:00.394,chopstix#4153
25,z,2021-03-23 00:19:57.290,chopstix#4153
26,y,2021-03-23 00:19:57.192,chopstix#4153
27,x,2021-03-23 00:19:57.039,chopstix#4153
28,w,2021-03-23 00:19:56.878,chopstix#4153
29,v,2021-03-23 00:19:56.827,chopstix#4153
30,u,2021-03-23 00:19:56.714,chopstix#4153
31,t,2021-03-23 00:19:52.723,chopstix#4153
32,s,2021-03-23 00:19:52.311,chopstix#4153
33,r,2021-03-23 00:19:51.955,chopstix#4153
34,q,2021-03-23 00:19:51.525,chopstix#4153
35,p,2021-03-23 00:19:47.208,chopstix#4153
36,o,2021-03-23 00:19:47.119,chopstix#4153
37,n,2021-03-23 00:19:46.954,chopstix#4153
38,m,2021-03-23 00:19:46.865,chopstix#4153
39,l,2021-03-23 00:19:46.766,chopstix#4153
40,k,2021-03-23 00:19:46.670,chopstix#4153
41,j,2021-03-23 00:19:41.303,chopstix#4153
42,u,2021-03-23 00:19:40.933,chopstix#4153
43,h,2021-03-23 00:19:40.196,chopstix#4153
44,g,2021-03-23 00:19:39.785,chopstix#4153
45,f,2021-03-23 00:19:39.532,chopstix#4153
46,e,2021-03-23 00:19:38.945,chopstix#4153
47,d,2021-03-23 00:19:38.591,chopstix#4153
48,c,2021-03-23 00:19:38.150,chopstix#4153
49,b,2021-03-23 00:19:36.867,chopstix#4153
50,a,2021-03-23 00:19:36.614,chopstix#4153
51,Hello!,2021-03-20 20:49:34.613,stats#4284
52,$hello,2021-03-20 20:49:34.388,chopstix#4153
53,Hello,2021-03-20 20:49:31.317,chopstix#4153
54,hello,2021-03-20 20:49:20.455,chopstix#4153
55,hello,2021-03-20 20:48:53.173,chopstix#4153
56,,2021-03-20 20:48:48.043,stats#4284
